url_index,url,title,label
0,http://news.mydrivers.com/1/551/551632.htm,"大疆发布全新Zenmuse X7云台相机：6K分辨率RAW视频-大疆,Zenmuse X7,云台,相机,6K分辨率,RAW视频-驱动之家",100.0
1,http://www.gzmama.com/thread-4173173-1-1.html,一个出轨女人的后悔自白（在233楼有大家对我提出的疑问进行了详细的解答） - 情感.婚姻.家庭 -  广州妈妈论坛  ,0.0
2,https://iask.fh21.com.cn/question/101044709.html,跟老公结婚当天，老公强行的让我和他的几个朋友一起爱爱，我是第一次，下面疼的几乎晕过去，屁眼也被插了，_飞华健康问答,0.0
3,http://news.mydrivers.com/1/551/551360.htm,"宝马X2量产版曝光：老X1换代重生？-宝马,X2,量产版,X1,SUV,-驱动之家",100.0
4,https://www.douban.com/note/640437046/,"
    和男友吵架的夜晚心烦意乱，我找了个男人开房解闷
",0.0
5,http://www.iqiyi.com/v_19rr8rrxco.html,日日煮DayDayCook_20170927期-大盘鸡一定要够大盘才尽兴！-生活-高清正版视频–爱奇艺,100.0
6,https://detail.tmall.com/item.htm?spm=a230r.1.14.8.74734f10sBtfcm&id=557676864489&cm_id=140105335569ed55e27b&abbucket=2,充气娃娃真人男用半实体硅胶少妇全自动智能带阴毛成人情趣性用品-tmall.com天猫,0.0
7,http://news.chinabyte.com/101/14308601.shtml,"蜂巢科技A轮融资6200万,工业级无人机寒冬""起飞""_新闻中心_比特网",100.0
8,http://www.fobshanghai.com/goods/4388/,"美国FBA快递 - 福步外贸网,专注提供各类外贸服务",100.0
9,http://www.feng.com/view/Views/2017-10-11/The-idea-of-a-short-lease-is-the-tube_692440.shtml,"不省心的民宿短租是该管管了 民宿,短租,旅游,监督 iPhone6|iPhone6 plus|iPhone5s|iPhone 5_威锋网",100.0
10,http://life.cqnews.net/html/2017-09/30/content_43028818.htm,重庆这个地方竟私藏了百亩玫瑰花田-资讯频道-华龙网,100.0
11,http://news.17173.com/content/10012017/060030161_all.shtml,综述：蓝洞确认腾讯代理绝地求生 未成年人不理性消费可退款_网络游戏新闻_17173.com中国游戏第一门户站,100.0
12,http://jiemi.baike.com/pa/detail?id=5000, 历史上最好色的女人，不仅拥有30个男宠，还逼迫自己的姑父就范|南北朝|刘楚玉|男宠|山阴公主|刘子业_互动百科_百科解密,0.0
13,http://travel.qingdaonews.com/gb/content/2017-09/26/content_20023093.htm,单日接客近7000人次 青岛邮轮母港创开港纪录 - 青岛新闻网,100.0
14,http://news.ifeng.com/a/20170401/50876793_0.shtml,七旬知青往事：最忘不了在北大荒拉练时的那顿饺子_凤凰历史,100.0
15,http://baike.focus.cn/tj/detail/100113.html,单身女性买房必备的七条购房攻略_天津搜狐焦点网,100.0
16,https://www.wtoip.com/patent/c01/?sort=pup&pmin=699&pmax=,专利申请业务-专利服务流程及费用-汇桔网服务商城,100.0
17,http://www.toutiao.com/a6469116246553002510/,结婚十年，不抵一夜温存，我恨同学聚会,0.0
18,http://www.baike.com/wiki/%E6%9A%B9%E7%BD%97%E7%8C%AB&prd=button_doc_entry,"暹罗猫_互动百科
",100.0
19,https://tuan.gome.com.cn/deal/Q8800649047.html?intcmp=list-9000000700-1_1_1,十八子作雅致七件套刀团购价格-国美团购,100.0
20,http://bbs.tianya.cn/post-266-121603-1.shtml,记录我的数次嫖妓经历和感受（开帖为忏悔）！_西安_天涯论坛_天涯社区,0.0
21,http://blog.sina.com.cn/s/blog_65bfb8110102x75s.html#cre=blogpagepc&mod=f&loc=2&r=0&doct=0&rfunc=100&tj=none,"秋实评论：人工智能电视,谁立潮头？_秋实评论_新浪博客",100.0
22,http://club.kdnet.net/dispbbs.asp?id=11621552&boardid=73,老师与女学生通奸致其怀孕 妻子拉横幅举报 【凯迪华南】-凯迪社区,0.0
23,http://finance.17ok.com/news/257/2017/0930/2606637.html,茅台发布品牌“瘦身”新策略 已砍155个品牌 -- 财界网 -- 中国财经金融门户,100.0
24,http://www.xhwhouse.com/news/11340.htm,马来西亚房产优点分析 永久产权租赁回报高-新海外,100.0
25,http://www.cnblogs.com/blvt/p/7261833.html,铁轨出轨总数目（卡塔兰数及大数的运用） - 余生漫漫浪 - 博客园,100.0
26,https://baike.baidu.com/tashuo/browse/content?id=03557a8fec542a9226d3e4c2,【TA说】中国有一种比大熊猫还珍贵的猴子，因为不会卖萌错失国宝宝座_百度百科,100.0
28,http://stock.qq.com/a/20170925/006337.htm,格力表示暂不会举牌逼宫海立股份 董明珠或不想顶野蛮人之名_证券_腾讯网,100.0
29,http://www.qiwen007.com/pc-wy/kejiqianyan/152442.html,“速度与激情”版烧烤炉横空出世-奇闻007,100.0
30,http://www.cnblogs.com/Kmoon/archive/2012/04/19/2457893.html,写代码容易吗，放松一下吧，苍老师的高清片子 - 独孤求欢 - 博客园,100.0
31,http://news.mydrivers.com/1/533/533770.htm,"续航神机小米Max 2发布会直播：评论送红米4A-小米Max 2,发布会,直播,小米-驱动之家",100.0
32,http://world.huanqiu.com/article/2017-09/11230141.html,这个国家突然宣布：弃用美元，改用人民币！_国际新闻_环球网,100.0
33,https://v.qq.com/x/cover/dac59lj8cufuekj.html,意外的恋爱时光_电影_高清1080P在线观看_腾讯视频,100.0
34,https://www.douban.com/group/topic/106901948/,"
    护肤不贵| 高性价二次清洁爽肤水盘点
",100.0
35,https://www.bilibili.com/video/av2867988/,【尸体派对2】上次4P不过瘾，这是最后一P了_单机游戏_游戏_bilibili_哔哩哔哩,0.0
37,http://v.pptv.com/show/l1kko7kE7y2QDnY.html?rcc_src=www_index,王牌特工2：黄金圈(“花式装备”版预告)_高清在线观看 - PP视频一起玩出精彩 - 原聚力视频、PPTV聚力,100.0
38,http://blog.renren.com/share/880891199/18025205019,在这场春游中，我们一起走进风景如画的双龙峡 – 【人人分享-人人网】,100.0
39,http://www.v1.cn/video/14668488.shtml,台式五香炸猪肉 丨 美味菜谱回顾-第一视频,100.0
40,http://travel.sina.com.cn/outbound/pages/2017-08-04/detail-ifyitamv5010201.shtml,吃在柬埔寨｜火锅烤肉两不误、还能吃7种肉的柬式烧烤，你想试试吗_新浪旅游_新浪网,100.0
41,http://some.blog.51cto.com/6388/2772,做爱称呼 - 我的博客听我的 - 51CTO技术博客,0.0
42,http://bbs.tianya.cn/post-travel-820697-1.shtml,【走读彭水】 豆游记——沿着迤逦乌江，和你在彭水相逢_旅游休闲_天涯论坛_天涯社区,100.0
43,http://www.taoche.com/buycar/b-dealerkcw5385818t.html,"【北京朝阳区二手Boxster】39.5万_黄色09款Boxster_Boxster二手车_淘车
    ",100.0
44,http://ssds12.blog.hexun.com/104649502_d.html,外围女真实生活揭秘：一夜遍体鳞伤换来30万_食神的神_食神的神的和讯博客,0.0
45,https://www.zhihu.com/question/21768551,超级细菌真的就没的治了吗？ - 知乎,100.0
46,https://st.hujiang.com/topic/1712323321233/,"
	【泡面翻】2017.10.10 法语泡一泡 - 团结就是力量_爱翻不凡翻译社_语言-沪江社团
",100.0
48,http://news.xinhuanet.com/air/2015-11/11/c_128416104.htm,"
航空公司机票优惠力度大-新华网
",100.0
49,http://yq.voc.com.cn/article/201506/201506242244097228005.html,"舆情分析：兰陵一副校长致初中女生""怀孕"" - 案例库 - 华声舆情 - 华声在线",0.0
50,http://www.toutiao.com/a6471106472599093773/,不要再傻傻的用酵母发面了，用它只需2分钟，做出馒头又软又好吃,100.0
51,http://news.163.com/photoview/00AN0001/2276780.html?from=ph_ss#p=CVDL22BD00AN0001NOS,广场大全景再现 国庆花坛扮靓京城_网易新闻,100.0
52,http://economy.youth.cn/dtxw/201709/t20170925_10775710.htm,抑制“煤超疯” 发改委连续发声保障煤炭供应_新闻频道_中国青年网,100.0
53,https://iask.fh21.com.cn/question/2937670.html,在做爱中，老婆感觉下面流水是怎么回事_飞华健康问答,0.0
54,http://club.qingdaonews.com/showAnnounce_1246_1860221_1_0.htm,城市街拍:秋意渐浓 街头美女运动范十足-青青岛社区,100.0
55,http://news.qingdaonews.com/shehui/2017-09/28/content_20024614.htm,96岁老兵病床上交出最后党费:曾用70年找回党籍 - 青岛新闻网,100.0
56,http://special.csdncms.csdn.net/CCTC2017/,中国云计算技术大会 2017,100.0
57,http://378213986.blog.51cto.com/11691396/1954136,Map集合以及Collections集合工具类 - 天纵之欲 - 51CTO技术博客,100.0
58,http://yq.rednet.cn/c/2017/09/27/4436447.htm,华凯创意2017上半年实现营收1.98亿元_园区频道_红网,100.0
59,https://www.zhihu.com/question/19746551/answer/233862510,深圳有什么有特色好去处？ - 知乎,100.0
60,http://v.youku.com/v_show/id_XMzA1NzU5MDY0OA==.html,—在线播放—优酷网，视频高清在线观看,100.0
61,http://www.qingdaonews.com/content/2012-07/05/content_9308915.htm,2012消费电子博览会 NEC科技打造“智慧城市”－青岛新闻网,100.0
62,http://blog.csdn.net/jiashuai94/article/details/78020994,SurfaceView+MediaPlayer封装之路 - CSDN博客,100.0
64,http://dzh.mop.com/a/150313103620000219707.html,新娘遭多人洞房乱摸：闹洞房新娘被众人乱摸过程-五花八门-猫扑大杂烩-猫扑网,0.0
65,http://www.chinaz.com/manage/2017/0928/809479.shtml,所谓粉丝经济，是巨大的机会还是陷阱？  - 站长之家,100.0
66,http://bbs.feeyo.com/posts/594/topic-0011-5943300.html,[讨论]关于增班香港――苏腊巴亚、新开港龙香港――棉兰、广州、厦门――苏腊巴亚的讨论,100.0
67,http://www.iqiyi.com/v_19rrkef8yk.html,达人厨房_20151230期-武汉人每天的味觉，都在这碗面中醒来-生活-高清正版视频–爱奇艺,100.0
68,http://face.39.net/a/170925/5710611.html,秋季要防晒吗？秋季如何选防晒霜？_39健康网_美容,100.0
69,http://www.cnnic.cn/hlwfzyj/hlwxzbg/,中国互联网络信息中心,100.0
70,http://www.keketui.com/p/AH9Lt2.html,“安全生产，责任重于泰山”梅河口市体育中心进行基础设施安全隐患大排查|可可推,100.0
71,https://zhidao.baidu.com/question/414186448.html?fr=iks&word=%C3%D7%B5%EA&ie=gbk,求歌词：李志 米店_百度知道,100.0
72,http://v.cyol.com/content/2017-09/04/content_16468856.htm,专访传统旗袍手艺人史丽萍-中青在线,100.0
73,http://article.zhaopin.com/marketing/pub/view/detail-100143.html,2017年秋季白领事业信心指数下降，跳槽比例高,100.0
74,http://sidalin.blog.hexun.com/113111184_d.html,你不知道的100个中国大案之七十五-杀人焚尸的美丽女死囚任雪（被老厂长欺骗诱奸后残杀其女儿报复）_涅瓦河边_萨沙的和讯博客,0.0
75,http://scitech.people.com.cn/n1/2017/0925/c1007-29556093.html,科普：食草恐龙有时也“开荤”--科技--人民网 ,100.0
76,http://lvxing.pgc.panda.tv/270?channel=web_pgc-pgc_sy-jpqwzl_10,侣行_张昕宇梁红的日常_熊猫直播_泛娱乐直播平台,100.0
77,http://news.163.com/17/0930/01/CVHU76UT0001875N.html,两架政府包机飞越19国 赴海外接回被困中方人员_网易新闻,100.0
78,http://www.self.com.cn/life/food/news_1955693d8440499e.html, 夏日小酌 来一杯葡萄柚皮斯科酸鸡尾酒_生活_悦己网,100.0
79,https://movie.douban.com/subject/20433454/,"
        美味的性爱，美味的想象 (豆瓣)
",0.0
81,http://v.youku.com/v_show/id_XNTg4MDQwMDQ=.html,实拍KTV坐台女的非法交易—在线播放—优酷网，视频高清在线观看,0.0
82,https://segmentfault.com/a/1190000011422995,可能是Android平台上最快的图片压缩框架 - Tech - SegmentFault,100.0
83,https://www.bilibili.com/video/av8118269/,【福利/欢乐向/AMV】新年就要啪啪啪 我可能遇见了假啪啪啪啪@FB_JAMes_MAD·AMV_动画_bilibili_哔哩哔哩,0.0
84,https://www.zhihu.com/question/24931495,大麻会对生活造成危害吗？ - 知乎,0.0
85,http://tv.sohu.com/20170923/n600176295.shtml,视频-葡萄牙大师赛首轮 莱腾、坎瑟亚并列第一 - 搜狐视频,100.0
86,http://news.china.com/socialgd/10000169/20170923/31506750.html,网络惊现售卖原味丝袜二手内裤 交易背后不堪入目_新闻频道_中华网,0.0
87,"http://hisense.zhiye.com/sjobs?k=&c=&p=3^-1,1^-1&PageIndex=1",海信集团网申系统--职位列表,100.0
88,http://www.iqiyi.com/v_19rr8tcbps.html,第一印象天气预报_20170926期-最天气之冷空气与秋老虎的博弈-资讯-高清正版视频-爱奇艺,100.0
89,http://www.iqiyi.com/v_19rrnm9d6k.html,《同意》“把衣服全脱了，不要问我任何问题”-广告-高清视频–爱奇艺,100.0
90,http://bbs.51cto.com/thread-1512089-1.html,"7年,怎么从一个三流学校的高职生到自主创业的CEO - 挨踢生活 -  51CTO技术论坛_中国领先的IT技术社区 ",100.0
91,http://news.chinabyte.com/hot/489/13759989_2.shtml,熊猫tv色青女主播直播间撅屁屁 脱衣做爱被封_比特新闻,0.0
92,http://www.toutiao.com/a6189451402894180610/,孕妇被绑铁柱殴打，偷东西就能滥用私刑？,0.0
93,http://www.huodongxing.com/event/7407592563300,南色美术活动基地 · 创意现场（第十六期）_精彩城市生活，尽在活动行！！,100.0
94,http://www.toutiao.com/a6470330592457130510/,分手你还赚了一个处，你不亏！,0.0
95,http://news.china.com/socialgd/10000169/20170922/31501487.html,九只梅花鹿亮相北京故宫博物院(组图)_新闻频道_中华网,100.0
96,http://www.cnblogs.com/alamiye010/archive/2011/04/02/2003182.html,Silverlight 2.5D RPG游戏技巧与特效处理(Game Effects)：目录 - 深蓝色右手 - 博客园,100.0
97,http://blog.renren.com/share/342270153/18090916927,大尺度无底线直播 – 【人人分享-人人网】,0.0
98,http://life.eastday.com/eastday/dfsh/n992996/u1ai9467858.html,传奇芝士挞中国开“烤” BAKE媒体分享会上海举办-东方生活-东方网,100.0
99,http://news.gmw.cn/2017-09/25/content_26314544.htm,"
汤炳正：朴学的经世致用
_光明日报
_光明网",100.0
27,http://top.51.la/os.htm,PostbackError,100.0
36,http://news.eastday.com/w/20170925/u1a13298620.html,PostbackError,100.0
47,http://city.eastday.com/gk/20170925/u1a13298447.html,PostbackError,100.0
63,http://www.dianping.com/shop/27215019,PostbackError,100.0
80,http://www.zhainanmao.com/2925.html,RequestError,0.0
