url_index,url,title,description,h1,h2
7,http://news.chinabyte.com/101/14308601.shtml,"蜂巢科技A轮融资6200万,工业级无人机寒冬""起飞""_新闻中心_比特网",,"
                                                    蜂巢科技A轮融资6200万,工业级无人机寒冬""起飞""",
21,http://blog.sina.com.cn/s/blog_65bfb8110102x75s.html#cre=blogpagepc&mod=f&loc=2&r=0&doct=0&rfunc=100&tj=none,"秋实评论：人工智能电视,谁立潮头？_秋实评论_新浪博客","秋实评论：人工智能电视,谁立潮头？_秋实评论_新浪博客,秋实评论,","
加载中...

",相关博文
0,http://news.mydrivers.com/1/551/551632.htm,"大疆发布全新Zenmuse X7云台相机：6K分辨率RAW视频-大疆,Zenmuse X7,云台,相机,6K分辨率,RAW视频-驱动之家",大疆发布全新Zenmuse X7云台相机：6K分辨率RAW视频,,
8,http://www.fobshanghai.com/goods/4388/,"美国FBA快递 - 福步外贸网,专注提供各类外贸服务",,,广州市振捷国际货运代理有限公司
22,http://club.kdnet.net/dispbbs.asp?id=11621552&boardid=73,老师与女学生通奸致其怀孕 妻子拉横幅举报 【凯迪华南】-凯迪社区,凯迪网络（www.kdnet.net），伴随中国互联网和网民共同成长，从中国第一代网络论坛发轫，凯迪以“客观、公正、理性、宽容”为宗旨，聚集了一千多万中高端注册用户，已发展成为中国最具代表性的互联网UGC （用户生成内容）平台之一，其中“猫眼看人”版块至今已连续十年在全国所有社区论坛版块中排名第一。凯迪网络全面启动新战略：专注于文化、财经、社会内容，面向互联网年轻一代打造新型服务。,,
14,http://news.ifeng.com/a/20170401/50876793_0.shtml,七旬知青往事：最忘不了在北大荒拉练时的那顿饺子_凤凰历史,在我近七十年的人生经历中，北大荒那片广阔天地既是第一个练兵场，也是第一个加油站。如今，近半个世纪过去了，那个时候的许多青春片段常常在梦中回放。一次，孩子问起我下乡时的最难忘经历。我笑着回答：凤翔镇的那顿饺子。,七旬知青往事：最忘不了在北大荒拉练时的那顿饺子,真人版《新大头儿子和小头爸爸》来了
9,http://www.feng.com/view/Views/2017-10-11/The-idea-of-a-short-lease-is-the-tube_692440.shtml,"不省心的民宿短租是该管管了 民宿,短租,旅游,监督 iPhone6|iPhone6 plus|iPhone5s|iPhone 5_威锋网",从共享单车到共享房屋，共享经济的发展历程总是相近的。 ,锋观点,推荐专题
1,http://www.gzmama.com/thread-4173173-1-1.html,一个出轨女人的后悔自白（在233楼有大家对我提出的疑问进行了详细的解答） - 情感.婚姻.家庭 -  广州妈妈论坛  ,一个出轨女人的后悔自白（在233楼有大家对我提出的疑问进行了详细的解答） - 情感.婚姻.家庭 -  广州妈妈论坛,"
                            一个出轨女人的后悔自白（在233楼有大家对我提出的疑问进行了详 ...",
23,http://finance.17ok.com/news/257/2017/0930/2606637.html,茅台发布品牌“瘦身”新策略 已砍155个品牌 -- 财界网 -- 中国财经金融门户,"财界网（17ok.com）,中国知名财经金融门户网站，财富领域里的领袖媒体.全天候为网民提供专业、及时、丰富全面的资讯内容，财经资讯包括股票、财经、理财、基金、金融、证券、行情、银行、信用卡、大宗商品、期货、股指期货、黄金，综合资讯包括城市、企业、部委、视频、创投、创业板、房产、汽车、奢侈品、健康、娱乐，互动包括博客、千股吧、基金岛、社区。除此之外还有实用的广告服务、行情数据、高端资讯产品、软件产品及投资工具",茅台发布品牌“瘦身”新策略 已砍155个品牌,
10,http://life.cqnews.net/html/2017-09/30/content_43028818.htm,重庆这个地方竟私藏了百亩玫瑰花田-资讯频道-华龙网,明天就放假了，这个国庆想去耍的地方太多了，小编就把私藏的好地方分享给大家——重庆万盛百花谷。,重庆这个地方竟私藏了百亩玫瑰花田,
15,http://baike.focus.cn/tj/detail/100113.html,单身女性买房必备的七条购房攻略_天津搜狐焦点网,在当代社会，买房早已不是男人的专利，有越来越多的单身女性走上了独立买房的道路。但是，由于单身女性的特殊性,单身女性买房必备的七条购房攻略,"
百科排行

                    更多>>


"
2,https://iask.fh21.com.cn/question/101044709.html,跟老公结婚当天，老公强行的让我和他的几个朋友一起爱爱，我是第一次，下面疼的几乎晕过去，屁眼也被插了，_飞华健康问答,跟老公结婚当天，老公强行的让我和他的几个朋友一起爱爱，我是第一次，下面疼的几乎晕过去，屁眼也被插了，最后嘴里，屁眼，还有小穴都被他们射好多精液，之后几乎每天都有他不同的朋友来要我服侍，而且每次都是三四个人一起，今天还来了个纹身师傅，在我的右胸上纹了个奴字，已经一个月了，我不知道该怎么办，每天被关在家里。,,
11,http://news.17173.com/content/10012017/060030161_all.shtml,综述：蓝洞确认腾讯代理绝地求生 未成年人不理性消费可退款_网络游戏新闻_17173.com中国游戏第一门户站,",综述：蓝洞确认腾讯代理绝地求生 未成年人不理性消费可退款",综述：蓝洞确认腾讯代理绝地求生 未成年人不理性消费可退款,"关于绝地求生,腾讯,蓝洞,任天堂,塞尔达传说,阿里巴巴,马云,steam的新闻"
24,http://www.xhwhouse.com/news/11340.htm,马来西亚房产优点分析 永久产权租赁回报高-新海外,,,马来西亚房产优点分析 永久产权租赁回报高
12,http://jiemi.baike.com/pa/detail?id=5000, 历史上最好色的女人，不仅拥有30个男宠，还逼迫自己的姑父就范|南北朝|刘楚玉|男宠|山阴公主|刘子业_互动百科_百科解密,,历史上最好色的女人，不仅拥有30个男宠，还逼迫自己的姑父就范,百科解密
3,http://news.mydrivers.com/1/551/551360.htm,"宝马X2量产版曝光：老X1换代重生？-宝马,X2,量产版,X1,SUV,-驱动之家",宝马X2量产版曝光：老X1换代重生？,,
25,http://www.cnblogs.com/blvt/p/7261833.html,铁轨出轨总数目（卡塔兰数及大数的运用） - 余生漫漫浪 - 博客园,,余生漫漫浪,花样的年华，也别错过最好的自己！
16,https://www.wtoip.com/patent/c01/?sort=pup&pmin=699&pmax=,专利申请业务-专利服务流程及费用-汇桔网服务商城,"汇桔网专利服务频道是国际专业的知识产权服务平台,真诚为您提供专利申请业务,专利申请业务流程及费用等信息,同时为您代办专利注册,专利申请,专利查询,专利疑难问题服务,一站式专利服务汇桔与你结伴随行。","



",汇桔网服务热线
13,http://travel.qingdaonews.com/gb/content/2017-09/26/content_20023093.htm,单日接客近7000人次 青岛邮轮母港创开港纪录 - 青岛新闻网,,"
				  单日接客近7000人次 青岛邮轮母港创开港纪录
				",
4,https://www.douban.com/note/640437046/,"
    和男友吵架的夜晚心烦意乱，我找了个男人开房解闷
",,和男友吵架的夜晚心烦意乱，我找了个男人开房解闷,"
        周新聊情的最新日记
             · · · · · ·
             (
                
                    全部
                ) 
"
17,http://www.toutiao.com/a6469116246553002510/,结婚十年，不抵一夜温存，我恨同学聚会,现在婚姻最大的隐患就是婚外情，一个人的背叛，让完整的家庭破裂。物欲横流的时代，我们只有坚守住爱情，才能守护家庭。小农村，大世界。在农村，最常见的就是留守儿童，父母外出打工，只剩老人,,
28,http://stock.qq.com/a/20170925/006337.htm,格力表示暂不会举牌逼宫海立股份 董明珠或不想顶野蛮人之名_证券_腾讯网,,格力表示暂不会举牌逼宫海立股份 董明珠或不想顶野蛮人之名,标签
26,https://baike.baidu.com/tashuo/browse/content?id=03557a8fec542a9226d3e4c2,【TA说】中国有一种比大熊猫还珍贵的猴子，因为不会卖萌错失国宝宝座_百度百科,百度百科是一部内容开放、自由的网络百科全书，旨在创造一个涵盖所有领域知识，服务所有互联网用户的中文知识性百科全书。在这里你可以参与词条编辑，分享贡献你的知识。,,
18,http://www.baike.com/wiki/%E6%9A%B9%E7%BD%97%E7%8C%AB&prd=button_doc_entry,"暹罗猫_互动百科
",暹罗猫-暹罗猫又称泰国猫，原产泰国，属短毛型。最早饲养在泰国皇室和大寺院中，曾一度是外界鲜为人知的宫庭“秘宝”。暹罗猫为流线形修长身材，四肢、躯干、颈部、尾巴均细长而且比例均衡。暹罗猫生性活泼好动，聪明伶俐，-xianluomao,暹罗猫,
29,http://www.qiwen007.com/pc-wy/kejiqianyan/152442.html,“速度与激情”版烧烤炉横空出世-奇闻007,据悉，近日，一台多功能烧烤炉引起了人们的注意，这个号称“速度与激情”版的烧烤炉除了能进行户外烧烤外，还能用来自拍。据悉，这个烧烤炉是由2000名想要得到完美烧烤体验的顾客委托Asda公司制做的。它除了能用 …,“速度与激情”版烧烤炉横空出世,
5,http://www.iqiyi.com/v_19rr8rrxco.html,日日煮DayDayCook_20170927期-大盘鸡一定要够大盘才尽兴！-生活-高清正版视频–爱奇艺,日日煮DayDayCook20170927期，生活高清视频在线观看。大盘鸡一定要够大盘才尽兴！节目简介：香辣嫩滑的鸡肉还配上软糯的土豆和爽脆的辣椒，怎么能不满足。收看更多精致美食内容，欢迎订阅日日煮DayDayCook！。,"
日日煮DayDayCook
：大盘鸡一定要大盘才尽兴！
",生活
30,http://www.cnblogs.com/Kmoon/archive/2012/04/19/2457893.html,写代码容易吗，放松一下吧，苍老师的高清片子 - 独孤求欢 - 博客园,,周哥哥的blog,"技术,生活"
19,https://tuan.gome.com.cn/deal/Q8800649047.html?intcmp=list-9000000700-1_1_1,十八子作雅致七件套刀团购价格-国美团购,"国美团购十八子作雅致七件套刀,一切低价十八子作团购价格尽在国美!","
国美自营
        十八子作雅致七件套刀
        ","
国美
"
31,http://news.mydrivers.com/1/533/533770.htm,"续航神机小米Max 2发布会直播：评论送红米4A-小米Max 2,发布会,直播,小米-驱动之家",续航神机小米Max 2发布会直播：评论送红米4A,,
27,http://top.51.la/os.htm,操作系统使用率 - 我要啦 51.La 综合数据,,,
20,http://bbs.tianya.cn/post-266-121603-1.shtml,记录我的数次嫖妓经历和感受（开帖为忏悔）！_西安_天涯论坛_天涯社区,"今天在版里，开贴写我的这些嫖妓的经历和感受主要目的是忏悔。我首先要说的是我这个人在现实生活里很正派,是周围身边朋友,亲戚,同事所公认的好男人,如果他们要是知道我去嫖过,是打死也不会相信的. 但事实是,我嫖过4次.我在尽量的回忆我每次嫖妓时的...","
记录我的数次嫖妓经历和感受（开帖为忏悔）！[已扎口]

",
32,http://world.huanqiu.com/article/2017-09/11230141.html,这个国家突然宣布：弃用美元，改用人民币！_国际新闻_环球网,委内瑞拉总统马杜罗7日宣布，委内瑞拉将在国际支付机制中使用一揽子货币代替美元。,这个国家突然宣布：弃用美元，改用人民币！,
35,https://www.bilibili.com/video/av2867988/,【尸体派对2】上次4P不过瘾，这是最后一P了_单机游戏_游戏_bilibili_哔哩哔哩,自制 这个系列就算结束了QAQ终于把坑填上了,【尸体派对2】上次4P不过瘾，这是最后一P了,
36,http://news.eastday.com/w/20170925/u1a13298620.html,默克尔赢得德国大选 与谁组阁成重要悬念-默克尔 德国大选 德国经济 黑天鹅 选举 另类选择 失业率降 悬念 PK 客户端-国际新闻-东方网,东方网-东方新闻-国际新闻-默克尔赢得德国大选 与谁组阁成重要悬念-默克尔 德国大选 德国经济 黑天鹅 选举 另类选择 失业率降 悬念 PK 客户端,默克尔赢得德国大选 与谁组阁成重要悬念,2017年9月25日 10:20 来源:海外网
33,https://v.qq.com/x/cover/dac59lj8cufuekj.html,意外的恋爱时光_电影_高清1080P在线观看_腾讯视频,"女王郭采洁强势依旧，携手房祖名演绎“落跑新娘”。郭房二人再续巧克力前缘，诠释困扰都市饮食男女的“爱情病”：爱情，是应期待一次意外，还是该寻觅身边所在？
本片由华语影坛红星郭采洁、房祖名领衔主演，是一部为2013年“光棍节”特别定制的都市爱情喜剧。影片用动人而不失幽默的方式，讲述了时尚靓丽的“肉食傲娇女”王乐晴（郭采洁 饰），为向自己的“高富帅”男友制造千里求婚惊喜，与其雇佣的“技术控宅男”摄像师周同（房祖名 饰）阴差阳错地踏上的一段“说走就走”的意外旅程。旅途中，王乐晴与周同朝夕相处，一起度过了漫漫长夜，一路上囧事不断，尴尬重重。不过，一段因意外而结缘的恋爱时光，也由此展开……",腾讯视频,意外的恋爱时光
37,http://v.pptv.com/show/l1kko7kE7y2QDnY.html?rcc_src=www_index,王牌特工2：黄金圈(“花式装备”版预告)_高清在线观看 - PP视频一起玩出精彩 - 原聚力视频、PPTV聚力,塔伦·埃格顿饰演的艾格西由前集中的特工“菜鸟”升级为特工老手，他与马克·斯特朗饰演的梅林将前往美国，与王牌特工组织的美国同行——由哈莉·贝瑞饰演的政治家一起并肩作战。而他们所面对的敌人则是朱丽安·摩尔...,,网友评论
42,http://bbs.tianya.cn/post-travel-820697-1.shtml,【走读彭水】 豆游记——沿着迤逦乌江，和你在彭水相逢_旅游休闲_天涯论坛_天涯社区,一条叫阿依的河，成就了“中国爱情治愈胜地”一座叫九黎的城，诉说着苗族的历史和传承一个叫罗家坨的苗寨，好像梦里的故乡还有北宋大词人黄庭坚流连过的郁山古镇，低调朴实，却有五千年的盐业开发史……而乌江画廊，则像一串珠链，...,"
【走读彭水】 豆游记——沿着迤逦乌江，和你在彭水相逢

",
6,https://detail.tmall.com/item.htm?spm=a230r.1.14.8.74734f10sBtfcm&id=557676864489&cm_id=140105335569ed55e27b&abbucket=2,充气娃娃真人男用半实体硅胶少妇全自动智能带阴毛成人情趣性用品-tmall.com天猫,"欢迎前来淘宝网实力旺铺，选购充气娃娃真人男用半实体硅胶少妇全自动智能带阴毛成人情趣性用品,想了解详情充气娃娃真人男用半实体硅胶少妇全自动智能带阴毛成人情趣性用品，请进入爱圣堂成人用品专营的爱圣堂成人用品专营实力旺铺，更多商品任你选购","
天猫Tmall.com
",
43,http://www.taoche.com/buycar/b-dealerkcw5385818t.html,"【北京朝阳区二手Boxster】39.5万_黄色09款Boxster_Boxster二手车_淘车
    ",北京朝阳区二手保时捷Boxster￥39.5万黄色2009款Boxster，北京朝阳区黄色双离合Boxster二手车，09款Boxster，行驶里程：7.46万公里，上牌日期：2010年11月上牌，多角度清晰照片，详细配置，全方位展示本车源。,"北京 朝阳区-保时捷Boxster 2009款 Boxster
                        
                    ",请验证手机号获取详细维保记录
34,https://www.douban.com/group/topic/106901948/,"
    护肤不贵| 高性价二次清洁爽肤水盘点
",,"
    护肤不贵| 高性价二次清洁爽肤水盘点
","
        你的回应
            
    "
49,http://yq.voc.com.cn/article/201506/201506242244097228005.html,"舆情分析：兰陵一副校长致初中女生""怀孕"" - 案例库 - 华声舆情 - 华声在线",3月底，在微信朋友圈内有传言称“山东兰陵县兰陵镇副校长强奸女学生”，随后网友“小醉微冶将此信息借助百度贴吧进行传播，从而引发更多网友和媒体关注。媒体随后报道称：从兰陵县相关部门了解到，兰陵县五中教师林,,
50,http://www.toutiao.com/a6471106472599093773/,不要再傻傻的用酵母发面了，用它只需2分钟，做出馒头又软又好吃,许多小伙伴喜欢自己动手丰衣足食，在自己家做包子馒头等面食也是别有一番风味，毕竟不知道外面的馒头包子干不干净，但是自己发面少说都要1个多小时，效率慢还烦躁，太浪费时间了！那么今天小编,,
38,http://blog.renren.com/share/880891199/18025205019,在这场春游中，我们一起走进风景如画的双龙峡 – 【人人分享-人人网】,编辑短信（人数+称呼+双龙峡）发送到手机号13811451451，即可参加此次活动。                           景区水资源丰富，小流域气候温暖潮湿，林木繁茂，动植物物种丰富。整个景区植被覆盖率达到 95%，形成29米以上的大瀑布两个，几米以下的小瀑布近百...,"


",下载人人客户端
44,http://ssds12.blog.hexun.com/104649502_d.html,外围女真实生活揭秘：一夜遍体鳞伤换来30万_食神的神_食神的神的和讯博客,外围女真实生活揭秘：一夜遍体鳞伤换来30万_网上火起来的名词还有“外围”，所谓“外围”，网友SCC-江智科普道：“行业内称为商务模特，学名娼妓，..._食神的神_食神的神的和讯博客,,设置分组
56,http://special.csdncms.csdn.net/CCTC2017/,中国云计算技术大会 2017,,,
51,http://news.163.com/photoview/00AN0001/2276780.html?from=ph_ss#p=CVDL22BD00AN0001NOS,广场大全景再现 国庆花坛扮靓京城_网易新闻,又到一年九月末，距离伟大祖国生日还有不到一周，庆生的花坛再一次出现在北京城的东西南北，京呈记者第一时间探访现场，带大家全景感受今年的最新设计。,广场大全景再现 国庆花坛扮靓京城,"

又到一年九月末，距离伟大祖国生日还有不到一周，庆生的花坛再一次出现在北京城的东西南北，京呈记者第一时间探访现场，带大家全景感受今年的最新设计。
"
45,https://www.zhihu.com/question/21768551,超级细菌真的就没的治了吗？ - 知乎,,超级细菌真的就没的治了吗？,
52,http://economy.youth.cn/dtxw/201709/t20170925_10775710.htm,抑制“煤超疯” 发改委连续发声保障煤炭供应_新闻频道_中国青年网,,,
39,http://www.v1.cn/video/14668488.shtml,台式五香炸猪肉 丨 美味菜谱回顾-第一视频,,,台式五香炸猪肉 丨 美味菜谱回顾
57,http://378213986.blog.51cto.com/11691396/1954136,Map集合以及Collections集合工具类 - 天纵之欲 - 51CTO技术博客,一、Collection集合主要特点与Map集合的区别Collection:单列集合；有两个子接口List集合元素是有序的，可以重复的Set集合元素是无序的，不可以重复List:元素可重复，有序ArrayList:底层数据结构是数组，查询快，..,天纵之欲,走了丶 的BLOG  
46,https://st.hujiang.com/topic/1712323321233/,"
	【泡面翻】2017.10.10 法语泡一泡 - 团结就是力量_爱翻不凡翻译社_语言-沪江社团
",属于法语的泡面番开动啦！虽然是泡面番，希望大家是喝着下午茶在看哦♪(^∇^*)学法语的小伙伴们都不要错过喔~\(…,沪江社团,"
                            【泡面翻】2017.10.10 法语泡一泡 - 团结就是力量
                            
                        "
40,http://travel.sina.com.cn/outbound/pages/2017-08-04/detail-ifyitamv5010201.shtml,吃在柬埔寨｜火锅烤肉两不误、还能吃7种肉的柬式烧烤，你想试试吗_新浪旅游_新浪网,,吃在柬埔寨｜火锅烤肉两不误、还能吃7种肉的柬式烧烤，你想试试吗,旅游频道
47,http://city.eastday.com/gk/20170925/u1a13298447.html,唯美樱花木道 虹桥商务区未来十大水景有看头-区域频道-东方网,东方网-区域频道-唯美樱花木道 虹桥商务区未来十大水景有看头,,
48,http://news.xinhuanet.com/air/2015-11/11/c_128416104.htm,"
航空公司机票优惠力度大-新华网
",航空公司机票优惠力度大---电商开启的“双十一”正如火如荼，航空公司也参与到这场全民购物狂欢中。马来西亚航空宣布从即日起至11月16日，在大中华区6大城市同步推出全球航线促销活动，中国内地出发经济舱往返最低含税票价仅由1730元起，商务舱往返含税票价仅由4200元起。,"
航空公司机票优惠力度大
",
41,http://some.blog.51cto.com/6388/2772,做爱称呼 - 我的博客听我的 - 51CTO技术博客,皇帝和妃子做爱叫【临幸】老公和老婆做爱叫【敦伦】男人和女人做爱叫【性交】学名叫【野合】俗名叫【交配】通俗一点叫【行房】流行语叫【做爱】四个字的叫【鱼水之欢】【云雨巫山】【水乳交融】曲折来讲叫【周公..,我的博客听我的,some 的BLOG  
53,https://iask.fh21.com.cn/question/2937670.html,在做爱中，老婆感觉下面流水是怎么回事_飞华健康问答,在做爱过程中我老婆有时候感觉下面流水怎么回事,,
58,http://yq.rednet.cn/c/2017/09/27/4436447.htm,华凯创意2017上半年实现营收1.98亿元_园区频道_红网,华凯创意2017上半年实现营收1.98亿元,华凯创意2017上半年实现营收1.98亿元,频道精选
64,http://dzh.mop.com/a/150313103620000219707.html,新娘遭多人洞房乱摸：闹洞房新娘被众人乱摸过程-五花八门-猫扑大杂烩-猫扑网,近日网上流传一段闹洞房的视频，开始几个男人轮番亲吻新娘，新娘开始的时候还反抗，后来也就随大家了，伴娘,,新娘遭多人洞房乱摸：闹洞房新娘被众人乱摸过程
59,https://www.zhihu.com/question/19746551/answer/233862510,深圳有什么有特色好去处？ - 知乎,,深圳有什么有特色好去处？,
60,http://v.youku.com/v_show/id_XMzA1NzU5MDY0OA==.html,—在线播放—优酷网，视频高清在线观看, ,,
65,http://www.chinaz.com/manage/2017/0928/809479.shtml,所谓粉丝经济，是巨大的机会还是陷阱？  - 站长之家,9 月 21 日是TFBOYS队长王俊凯 18 岁生日。对于粉丝们来说，这是一件顶天的大事，比自己的生日还重要得多。除了在全球各地包下广告位之外，王俊凯粉丝后援会K-BOSS站在南纬60°天空买下了 18 颗星星，是天上的真星星，这些星星组成了“WJK”三个字母。这让无数的大V感叹自愧不如。别人的才是粉丝，你那些不过是吃瓜群众。1987 年去世的安迪·沃霍尔预测，“未来，每个人都能当上 15 分钟的名人”，这在当年并没有实现，但在互联网?,,所谓粉丝经济，是巨大的机会还是陷阱？ 
66,http://bbs.feeyo.com/posts/594/topic-0011-5943300.html,[讨论]关于增班香港――苏腊巴亚、新开港龙香港――棉兰、广州、厦门――苏腊巴亚的讨论,,,主题：[讨论]关于增班香港――苏腊巴亚、新开港龙香港――棉兰、广州、厦门――苏腊巴亚的讨论
54,http://club.qingdaonews.com/showAnnounce_1246_1860221_1_0.htm,城市街拍:秋意渐浓 街头美女运动范十足-青青岛社区,"　　叶落知秋有木有？晚上睡觉终于得盖点什么在身上才不觉得冷了。这就是秋天的节奏。看看街拍的美妞们，仔裤运动鞋，才是应季的装备。就连清新的甄娘娘也都在35度高温下穿起了斗篷，所以，如此舒服的气候，也该换装换心情了。

　　http://pic.qingdaonews.com/p/c",,城市街拍:秋意渐浓 街头美女运动范十足
61,http://www.qingdaonews.com/content/2012-07/05/content_9308915.htm,2012消费电子博览会 NEC科技打造“智慧城市”－青岛新闻网,,"2012消费电子博览会 NEC科技打造“智慧城市”
",
67,http://www.iqiyi.com/v_19rrkef8yk.html,达人厨房_20151230期-武汉人每天的味觉，都在这碗面中醒来-生活-高清正版视频–爱奇艺,"达人厨房20151230期，生活高清视频在线观看。武汉人每天的味觉，都在这碗面中醒来节目简介：这是我们与京港地铁合作的“迎面新年新里程”面食系列节目，第三集，我们介绍武汉热干面。

热干面是武汉人“过早”（吃早餐）的首选小吃，热腾腾的一碗，放一会儿就会变凉，它以芝麻酱为主，越搅拌越干，无..。","
达人厨房
：武汉最市井的一碗热干面
",生活
62,http://blog.csdn.net/jiashuai94/article/details/78020994,SurfaceView+MediaPlayer封装之路 - CSDN博客,SurfaceView+MediaPlayer封装之路我的播放器叫做JsPlayer，喜欢的话，就给个star喽^_^https://github.com/shuaijia/JsPlayer这里我只介绍播放器封装思路，会贴出部分代码，如果大家想查看完整代码，可以去github查看，有不清楚或错误或改进的地方，可以issues 我！写在之前先上效果图：（1.5版本新增弹幕功能）为什么要用Surface,SurfaceView+MediaPlayer封装之路,SurfaceView+MediaPlayer封装之路
77,http://news.163.com/17/0930/01/CVHU76UT0001875N.html,两架政府包机飞越19国 赴海外接回被困中方人员_网易新闻,"两架政府包机飞越19国 赴海外接回被困中方人员,中方人员 飞越 多米尼克 领空",两架政府包机飞越19国 赴海外接回被困中方人员,大家都爱看
70,http://www.keketui.com/p/AH9Lt2.html,“安全生产，责任重于泰山”梅河口市体育中心进行基础设施安全隐患大排查|可可推,安全是人类永恒的主题，坚持“以人为本，以人的生命和健康为本”是安全生产工作的核心理念。,"
可可推
",
68,http://face.39.net/a/170925/5710611.html,秋季要防晒吗？秋季如何选防晒霜？_39健康网_美容,,秋季要防晒吗？秋季如何选防晒霜？,不防晒除了让你变老还会让你胸部下垂
78,http://www.self.com.cn/life/food/news_1955693d8440499e.html, 夏日小酌 来一杯葡萄柚皮斯科酸鸡尾酒_生活_悦己网,"【悦己网】 夏日小酌 来一杯葡萄柚皮斯科酸鸡尾酒 : “有朋自远方来不亦乐乎”，与久未见面的朋友聚会，自然免不了小酌几杯。由100％葡萄汁酿造的皮斯科酒加入些许配料，就成了一杯清爽的皮斯科酸鸡尾酒。既满足味蕾又带来视觉享受，简直是最佳选择。
",,今日星范：张天爱现身机场
69,http://www.cnnic.cn/hlwfzyj/hlwxzbg/,中国互联网络信息中心,,"




IP/AS的申请

				                ·CNNIC分配联盟介绍
                                ·地址申请
								·AS号码申请 



注册域名

                                ·WHOIS查询
                                ·注册流程
								·常见问题


注册服务机构

                                ·注册服务机构查询
                                ·星级注册服务机构查询
                                ·如何成为注册服务机构




互联网研究

                                
                                ·权威发布
                                ·报告下载 
                                ·分析师专栏




服务器证书
                                
                                ·申请流程
                                ·申请服务机构
                                ·下载中心



",
55,http://news.qingdaonews.com/shehui/2017-09/28/content_20024614.htm,96岁老兵病床上交出最后党费:曾用70年找回党籍 - 青岛新闻网,,青岛新闻网,每日推荐更多
91,http://news.chinabyte.com/hot/489/13759989_2.shtml,熊猫tv色青女主播直播间撅屁屁 脱衣做爱被封_比特新闻,熊猫tv色青女主播直播间撅屁屁 脱衣做爱被封 熊猫tv色青女主播直播间撅屁屁 脱衣做爱被封,"
                                       熊猫tv色青女主播直播间撅屁屁 脱衣做爱被封
                               ",热点
84,https://www.zhihu.com/question/24931495,大麻会对生活造成危害吗？ - 知乎,,大麻会对生活造成危害吗？,
71,https://zhidao.baidu.com/question/414186448.html?fr=iks&word=%C3%D7%B5%EA&ie=gbk,求歌词：李志 米店_百度知道,求歌词：李志 米店,"

求歌词：李志 米店
",为您推荐：
92,http://www.toutiao.com/a6189451402894180610/,孕妇被绑铁柱殴打，偷东西就能滥用私刑？,据多位网友称，根据视频中围观群众的口音，事发地应在浙江台州一带。于是今日上午10时许，就有新京报记者致电台州市公安局宣传处，咨询此事。台州市公安局宣传处一负责人称，对于该事件，台州,,
79,https://movie.douban.com/subject/20433454/,"
        美味的性爱，美味的想象 (豆瓣)
","美味的性爱，美味的想象电影简介和剧情介绍,美味的性爱，美味的想象影评、图片、预告片、影讯、论坛、在线购票","
美味的性爱，美味的想象 맛있는 섹스, 맛있는 상상
(2012)
","
美味的性爱，美味的想象的剧情简介
              · · · · · ·
    "
85,http://tv.sohu.com/20170923/n600176295.shtml,视频-葡萄牙大师赛首轮 莱腾、坎瑟亚并列第一 - 搜狐视频,"视频-葡萄牙大师赛首轮 莱腾、坎瑟亚并列第一,视频-葡萄牙大师赛首轮 莱腾、坎瑟亚并列第一在线观看","



","
      

      
        视频-葡萄牙大师赛首轮 莱腾、坎瑟亚并列第一
      
      "
72,http://v.cyol.com/content/2017-09/04/content_16468856.htm,专访传统旗袍手艺人史丽萍-中青在线,,"
	  专访传统旗袍手艺人史丽萍
	",
86,http://news.china.com/socialgd/10000169/20170923/31506750.html,网络惊现售卖原味丝袜二手内裤 交易背后不堪入目_新闻频道_中华网,最近，南京市民周先生把女友闲置的几条全新内裤放到二手交易平台闲鱼上出售，结果收到奇怪的留言。“有穿过的卖吗？”当周先生给出否定答案后，对方显得很迷惑，“为啥呀……”。,网络惊现售卖原味丝袜二手内裤 交易背后不堪入目,
73,http://article.zhaopin.com/marketing/pub/view/detail-100143.html,2017年秋季白领事业信心指数下降，跳槽比例高,,2017年秋季白领事业信心指数下降，跳槽比例高,
81,http://v.youku.com/v_show/id_XNTg4MDQwMDQ=.html,实拍KTV坐台女的非法交易—在线播放—优酷网，视频高清在线观看,实拍KTV坐台女的非法交易 ,[资讯]实拍KTV坐台女的非法交易,
93,http://www.huodongxing.com/event/7407592563300,南色美术活动基地 · 创意现场（第十六期）_精彩城市生活，尽在活动行！！,"""创意,艺术,儿童,公益""活动""南色美术活动基地 · 创意现场（第十六期）""开始结束时间、地址、活动地图、票价、票务说明、报名参加、主办方、照片、讨论、活动海报等","
                哎呀～该活动已结束
            ",南色美术活动基地 · 创意现场（第十六期）
87,"http://hisense.zhiye.com/sjobs?k=&c=&p=3^-1,1^-1&PageIndex=1",海信集团网申系统--职位列表,,,
94,http://www.toutiao.com/a6470330592457130510/,分手你还赚了一个处，你不亏！,点击右上方关注“跑车里的哭泣”每天带给你不一样的情感真实故事，感谢支持！,,
74,http://sidalin.blog.hexun.com/113111184_d.html,你不知道的100个中国大案之七十五-杀人焚尸的美丽女死囚任雪（被老厂长欺骗诱奸后残杀其女儿报复）_涅瓦河边_萨沙的和讯博客,你不知道的100个中国大案之七十五-杀人焚尸的美丽女死囚任雪（被老厂长欺骗诱奸后残杀其女儿报复）_作者：萨沙_涅瓦河边_萨沙的和讯博客,,设置分组
95,http://news.china.com/socialgd/10000169/20170922/31501487.html,九只梅花鹿亮相北京故宫博物院(组图)_新闻频道_中华网,9月21日，9只梅花鹿亮相北京故宫博物院，其中雄鹿2只、雌鹿5只、子鹿2只。记者杜洋承德市文物局与故宫博物院双方决定于2017年9月26日至2018年2月底在故宫博物院慈宁宫花园举办承德避暑山庄内野生梅花鹿展览。,九只梅花鹿亮相北京故宫博物院(组图),
88,http://www.iqiyi.com/v_19rr8tcbps.html,第一印象天气预报_20170926期-最天气之冷空气与秋老虎的博弈-资讯-高清正版视频-爱奇艺,第一印象天气预报20170926期最天气之冷空气与秋老虎的博弈，资讯高清视频在线观看。最天气之冷空气与秋老虎的博弈节目简介：最锋芒毕露的冷空气 最实力尚存的秋老虎。,"
第一印象天气预报
：最天气之冷空气与秋老虎的博弈
",资讯
96,http://www.cnblogs.com/alamiye010/archive/2011/04/02/2003182.html,Silverlight 2.5D RPG游戏技巧与特效处理(Game Effects)：目录 - 深蓝色右手 - 博客园,,,
82,https://segmentfault.com/a/1190000011422995,可能是Android平台上最快的图片压缩框架 - Tech - SegmentFault,（对不起，标题是骗人的）emmm...不管怎么说，我也写了一个图片压缩框架。在Luban的算法策略上，我丰富了外围的api，提供更多的可配参数，多线程压缩和不同细粒度的任务控制。 项目地址 https://github.com/ghnor...,,项目地址
75,http://scitech.people.com.cn/n1/2017/0925/c1007-29556093.html,科普：食草恐龙有时也“开荤”--科技--人民网 ,　　大型食草恐龙通常被认为严格“吃素”，但美国科学家最新发现，它们偶尔也会“开荤”，吃些螃蟹等甲壳类动物。　　美国科罗拉多大学博尔德分校等机构研究人员在新一期英国《科学报告》杂志上介绍说，他们研究了１,科普：食草恐龙有时也“开荤”,推荐阅读
83,https://www.bilibili.com/video/av8118269/,【福利/欢乐向/AMV】新年就要啪啪啪 我可能遇见了假啪啪啪啪@FB_JAMes_MAD·AMV_动画_bilibili_哔哩哔哩,BGM 新年啪啪啪 求币 求关注,【福利/欢乐向/AMV】新年就要啪啪啪 我可能遇见了假啪啪啪啪@FB_JAMes,
76,http://lvxing.pgc.panda.tv/270?channel=web_pgc-pgc_sy-jpqwzl_10,侣行_张昕宇梁红的日常_熊猫直播_泛娱乐直播平台,《侣行·卫星直播探世界》由熊猫直播、环宇传媒联合制作。张昕宇梁红夫妇史上首次尝试卫星户外直播，用4颗卫星带你横穿西伯利亚，直击战斗民族风采！在《侣行·卫星直播探世界》中，你不仅可以旁观侣行夫妇环游世界，更可以实时互动，决定昕宇梁红的出行路线与趣味玩法，每期还有海量俄罗斯特产和节目周边放送！西伯利亚大铁路、贝加尔湖、开坦克、喝伏特加…侣行夫妇随时出发，他们的旅程你来做主！不一样的侣行，不一样的互动玩法，尽在熊猫直播《侣行·卫星直播探世界》！,,
89,http://www.iqiyi.com/v_19rrnm9d6k.html,《同意》“把衣服全脱了，不要问我任何问题”-广告-高清视频–爱奇艺,《同意》“把衣服全脱了，不要问我任何问题”是广告类高清视频，画面清晰，播放流畅。,"
《同意》“把衣服全脱了，不要问我任何问题”

",广告
98,http://life.eastday.com/eastday/dfsh/n992996/u1ai9467858.html,传奇芝士挞中国开“烤” BAKE媒体分享会上海举办-东方生活-东方网,,,
97,http://blog.renren.com/share/342270153/18090916927,大尺度无底线直播 – 【人人分享-人人网】,蜜豆直播是一款非常精彩的直播软件，在这里为大家提供了非常多有趣的直播内容，让你随时想看就看，那么蜜豆直播是真的吗？蜜豆直播真的是福利直播吗？下面安粉丝小编就给大家具体介绍下详情。   进入到蜜豆直播这款软件中用户还可以观看精彩的直播哟，在这里当然会有一些隐藏福利，让你宅男们随时进...,"


",下载人人客户端
90,http://bbs.51cto.com/thread-1512089-1.html,"7年,怎么从一个三流学校的高职生到自主创业的CEO - 挨踢生活 -  51CTO技术论坛_中国领先的IT技术社区 ","7年,怎么从一个三流学校的高职生到自主创业的CEO 一个非典型技术男的职业发展之路


为期两天的51CTO集训营结束。此刻在北京回武汉的高铁上码一点点文字，自我复盘 ...  51CTO技术论坛_中国领先的IT技术社区",,"  7年,怎么从一个三流学校的高职生到自主创业的CEO ...  [复制链接]"
99,http://news.gmw.cn/2017-09/25/content_26314544.htm,"
汤炳正：朴学的经世致用
_光明日报
_光明网","汤炳正：朴学的经世致用　　【述往】
　　作者：汤序波（汤炳正之孙，1960年2月生，字海晏，山东荣成人。现为贵州大学、贵州","
      汤炳正：朴学的经世致用
    ",核心价值观专区
